Workbook

Sheet Summary
A1: OIM exact-injection study: fixes and timing results
A2: Built from the last answer in this conversation and the logs of oim_exact_flow_study.py.
A4: Item | B4: What changed or what the data show
A5: Fix 1: Euler timing | B5: Timing comparisons now require the method to reproduce >= 99.9% of the reference spins. At N = 1500 Euler fails (per-spin agreement about 0.50, cut value 19% below the reference), so that verdict line reads NOT COMPARABLE, the table row is marked unfaithful, and the point is dropped from the wall-clock plot. At N = 400 Euler passes the cutoff (0.9992) but only 67% of runs reproduce the reference configuration exactly, so that comparison is borderline. The 0.999 cutoff is my choice.
A6: Fix 2: runtime text | B6: Docstring and --help now say about 1.5-2 min for a full run and about 30 s for --quick. Measured: 105 s and 33 s.
A7: Correction | B7: I said the first speedup numbers were inflated by three runs sharing the CPU. The clean single-process runs do not support that: timing ratios vary by up to about 2x between runs of the same code. Quote ranges, not single numbers (sheet 'Timing ranges').
A8: Reproducible measure | B8: Coupling-evaluation counts (sheet 'Eval counts'): splitting beats the best explicit scheme by >= 2x from r = 30 (5x at r = 30, 10x at r = 100 on the shipped seed). At r = 1-10 it is equal, worse, or seed-dependent.
A9: Not changed | B9: The Python code behaviour, apart from the two fixes above and excluding unfaithful points from the plot. The weak-injection and thermal-width lines still read NOT CONFIRMED; those are real results, not bugs.
A11: Live headline numbers (formulas)
A12: Splitting vs RK4, min-max speedup | B12: =TEXT('Timing ranges'!C5,"0.0")&"x - "&TEXT('Timing ranges'!D5,"0.0")&"x" -> 15.2x - 27.0x
A13: Splitting vs BDF at N = 1500 | B13: =TEXT('Timing ranges'!C6,"0.0")&"x - "&TEXT('Timing ranges'!D6,"0.0")&"x" -> 54.5x - 103.7x
A14: Splitting vs Euler (faithful runs) | B14: =TEXT('Timing ranges'!C9,"0.0")&"x - "&TEXT('Timing ranges'!D9,"0.0")&"x" -> 4.2x - 5.9x
A15: Eval-count benefit sustained from r = | B15: ='Eval counts'!D12 -> 30
A16: Verdict counts (confirmed / not / not comparable) | B16: ='Final verdicts'!B23&" / "&'Final verdicts'!B24&" / "&'Final verdicts'!B25 -> 13 / 2 / 1
A18: Sheets
A19: Timing runs | B19: raw ms per run from all 7 full runs, with live speedup ratios
A20: Timing ranges | B20: min / max speedup per comparison, via formulas
A21: Eval counts | B21: coupling evaluations vs injection stiffness r; best explicit scheme and sustained-benefit threshold
A22: Final verdicts | B22: the script's verdict block from the final run

Sheet Timing runs
A1: Wall-clock per run at strong injection (r = 100): every full run of oim_exact_flow_study.py
A2: Faithfulness threshold (per-spin agreement with reference needed before a timing ratio is reported): | K2: 0.999
A3: Blue = values copied from the console logs (ms per run, per-spin agreement). Black = formulas. Yellow = a design choice (0.999, my choice) you can change; ratios recompute. Blank = method not run in that version.
A5: Run | B5: Description | C5: Seed | D5: Other runs on the CPU? | E5: N | F5: Splitting ms | G5: Euler ms | H5: RK4 ms | I5: BDF ms | J5: LSODA ms | K5: Euler per-spin agreement | L5: Euler / splitting | M5: RK4 / splitting | N5: BDF / splitting | O5: LSODA / splitting
A6: R1 | B6: First full run (no Euler row yet) | C6: 2024 | D6: No | E6: 100 | F6: 4 | H6: 74.5 | I6: 20.5 | J6: 4.6 | L6: =IF(AND(ISNUMBER(G6),ISNUMBER(K6)),IF(K6>=$K$2,G6/F6,""),"") | M6: =IF(ISNUMBER(H6),H6/F6,"") -> 18.625 | N6: =IF(ISNUMBER(I6),I6/F6,"") -> 5.125 | O6: =IF(ISNUMBER(J6),J6/F6,"") -> 1.15
A7: R1 | B7: First full run (no Euler row yet) | C7: 2024 | D7: No | E7: 400 | F7: 6.1 | H7: 126.8 | I7: 75.2 | J7: 19.6 | L7: =IF(AND(ISNUMBER(G7),ISNUMBER(K7)),IF(K7>=$K$2,G7/F7,""),"") | M7: =IF(ISNUMBER(H7),H7/F7,"") -> 20.786885 | N7: =IF(ISNUMBER(I7),I7/F7,"") -> 12.327869 | O7: =IF(ISNUMBER(J7),J7/F7,"") -> 3.2131148
A8: R1 | B8: First full run (no Euler row yet) | C8: 2024 | D8: No | E8: 1500 | F8: 14.2 | H8: 355.1 | I8: 1366.5 | L8: =IF(AND(ISNUMBER(G8),ISNUMBER(K8)),IF(K8>=$K$2,G8/F8,""),"") | M8: =IF(ISNUMBER(H8),H8/F8,"") -> 25.007042 | N8: =IF(ISNUMBER(I8),I8/F8,"") -> 96.232394 | O8: =IF(ISNUMBER(J8),J8/F8,"")
A9: R2 | B9: Full run, overlapped with R3 and R4 | C9: 2024 | D9: Yes | E9: 100 | F9: 12.1 | H9: 211.2 | I9: 75.8 | J9: 16.8 | L9: =IF(AND(ISNUMBER(G9),ISNUMBER(K9)),IF(K9>=$K$2,G9/F9,""),"") | M9: =IF(ISNUMBER(H9),H9/F9,"") -> 17.454545 | N9: =IF(ISNUMBER(I9),I9/F9,"") -> 6.2644628 | O9: =IF(ISNUMBER(J9),J9/F9,"") -> 1.3884298
A10: R2 | B10: Full run, overlapped with R3 and R4 | C10: 2024 | D10: Yes | E10: 400 | F10: 20 | H10: 427.7 | I10: 263.5 | J10: 100.4 | L10: =IF(AND(ISNUMBER(G10),ISNUMBER(K10)),IF(K10>=$K$2,G10/F10,""),"") | M10: =IF(ISNUMBER(H10),H10/F10,"") -> 21.385 | N10: =IF(ISNUMBER(I10),I10/F10,"") -> 13.175 | O10: =IF(ISNUMBER(J10),J10/F10,"") -> 5.02
A11: R2 | B11: Full run, overlapped with R3 and R4 | C11: 2024 | D11: Yes | E11: 1500 | F11: 49.8 | H11: 1146.3 | I11: 4788.3 | L11: =IF(AND(ISNUMBER(G11),ISNUMBER(K11)),IF(K11>=$K$2,G11/F11,""),"") | M11: =IF(ISNUMBER(H11),H11/F11,"") -> 23.018072 | N11: =IF(ISNUMBER(I11),I11/F11,"") -> 96.150602 | O11: =IF(ISNUMBER(J11),J11/F11,"")
A12: R3 | B12: Full run, overlapped with R2 and R4 | C12: 1 | D12: Yes | E12: 100 | F12: 12.2 | H12: 227.3 | I12: 81.4 | J12: 16.7 | L12: =IF(AND(ISNUMBER(G12),ISNUMBER(K12)),IF(K12>=$K$2,G12/F12,""),"") | M12: =IF(ISNUMBER(H12),H12/F12,"") -> 18.631148 | N12: =IF(ISNUMBER(I12),I12/F12,"") -> 6.6721311 | O12: =IF(ISNUMBER(J12),J12/F12,"") -> 1.3688525
A13: R3 | B13: Full run, overlapped with R2 and R4 | C13: 1 | D13: Yes | E13: 400 | F13: 18.4 | H13: 388.7 | I13: 300 | J13: 103.7 | L13: =IF(AND(ISNUMBER(G13),ISNUMBER(K13)),IF(K13>=$K$2,G13/F13,""),"") | M13: =IF(ISNUMBER(H13),H13/F13,"") -> 21.125 | N13: =IF(ISNUMBER(I13),I13/F13,"") -> 16.304348 | O13: =IF(ISNUMBER(J13),J13/F13,"") -> 5.6358696
A14: R3 | B14: Full run, overlapped with R2 and R4 | C14: 1 | D14: Yes | E14: 1500 | F14: 49.5 | H14: 1173.5 | I14: 4662.2 | L14: =IF(AND(ISNUMBER(G14),ISNUMBER(K14)),IF(K14>=$K$2,G14/F14,""),"") | M14: =IF(ISNUMBER(H14),H14/F14,"") -> 23.707071 | N14: =IF(ISNUMBER(I14),I14/F14,"") -> 94.185859 | O14: =IF(ISNUMBER(J14),J14/F14,"")
A15: R4 | B15: Full run, overlapped with R2 and R3 | C15: 2 | D15: Yes | E15: 100 | F15: 13.4 | H15: 239.8 | I15: 73 | J15: 16.6 | L15: =IF(AND(ISNUMBER(G15),ISNUMBER(K15)),IF(K15>=$K$2,G15/F15,""),"") | M15: =IF(ISNUMBER(H15),H15/F15,"") -> 17.895522 | N15: =IF(ISNUMBER(I15),I15/F15,"") -> 5.4477612 | O15: =IF(ISNUMBER(J15),J15/F15,"") -> 1.238806
A16: R4 | B16: Full run, overlapped with R2 and R3 | C16: 2 | D16: Yes | E16: 400 | F16: 19.6 | H16: 397.3 | I16: 263.2 | J16: 102.1 | L16: =IF(AND(ISNUMBER(G16),ISNUMBER(K16)),IF(K16>=$K$2,G16/F16,""),"") | M16: =IF(ISNUMBER(H16),H16/F16,"") -> 20.270408 | N16: =IF(ISNUMBER(I16),I16/F16,"") -> 13.428571 | O16: =IF(ISNUMBER(J16),J16/F16,"") -> 5.2091837
A17: R4 | B17: Full run, overlapped with R2 and R3 | C17: 2 | D17: Yes | E17: 1500 | F17: 46.4 | H17: 1200.6 | I17: 4811.4 | L17: =IF(AND(ISNUMBER(G17),ISNUMBER(K17)),IF(K17>=$K$2,G17/F17,""),"") | M17: =IF(ISNUMBER(H17),H17/F17,"") -> 25.875 | N17: =IF(ISNUMBER(I17),I17/F17,"") -> 103.69397 | O17: =IF(ISNUMBER(J17),J17/F17,"")
A18: R5 | B18: Single run, Euler row added | C18: 2024 | D18: No | E18: 100 | F18: 4 | G18: 19.5 | H18: 84.6 | I18: 26.6 | J18: 6.8 | K18: 1 | L18: =IF(AND(ISNUMBER(G18),ISNUMBER(K18)),IF(K18>=$K$2,G18/F18,""),"") -> 4.875 | M18: =IF(ISNUMBER(H18),H18/F18,"") -> 21.15 | N18: =IF(ISNUMBER(I18),I18/F18,"") -> 6.65 | O18: =IF(ISNUMBER(J18),J18/F18,"") -> 1.7
A19: R5 | B19: Single run, Euler row added | C19: 2024 | D19: No | E19: 400 | F19: 6.2 | G19: 33.6 | H19: 149.6 | I19: 72.5 | J19: 19.4 | K19: 0.9992 | L19: =IF(AND(ISNUMBER(G19),ISNUMBER(K19)),IF(K19>=$K$2,G19/F19,""),"") -> 5.4193548 | M19: =IF(ISNUMBER(H19),H19/F19,"") -> 24.129032 | N19: =IF(ISNUMBER(I19),I19/F19,"") -> 11.693548 | O19: =IF(ISNUMBER(J19),J19/F19,"") -> 3.1290323
A20: R5 | B20: Single run, Euler row added | C20: 2024 | D20: No | E20: 1500 | F20: 27.8 | G20: 121.4 | H20: 423.4 | I20: 1516 | K20: 0.5026 | L20: =IF(AND(ISNUMBER(G20),ISNUMBER(K20)),IF(K20>=$K$2,G20/F20,""),"") | M20: =IF(ISNUMBER(H20),H20/F20,"") -> 15.230216 | N20: =IF(ISNUMBER(I20),I20/F20,"") -> 54.532374 | O20: =IF(ISNUMBER(J20),J20/F20,"")
A21: R6 | B21: Single run, after Euler fidelity patch | C21: 2024 | D21: No | E21: 100 | F21: 4.7 | G21: 21.6 | H21: 92.8 | I21: 35.8 | J21: 7.2 | K21: 1 | L21: =IF(AND(ISNUMBER(G21),ISNUMBER(K21)),IF(K21>=$K$2,G21/F21,""),"") -> 4.5957447 | M21: =IF(ISNUMBER(H21),H21/F21,"") -> 19.744681 | N21: =IF(ISNUMBER(I21),I21/F21,"") -> 7.6170213 | O21: =IF(ISNUMBER(J21),J21/F21,"") -> 1.5319149
A22: R6 | B22: Single run, after Euler fidelity patch | C22: 2024 | D22: No | E22: 400 | F22: 9 | G22: 46 | H22: 168.4 | I22: 85.4 | J22: 23.8 | K22: 0.9992 | L22: =IF(AND(ISNUMBER(G22),ISNUMBER(K22)),IF(K22>=$K$2,G22/F22,""),"") -> 5.1111111 | M22: =IF(ISNUMBER(H22),H22/F22,"") -> 18.711111 | N22: =IF(ISNUMBER(I22),I22/F22,"") -> 9.4888889 | O22: =IF(ISNUMBER(J22),J22/F22,"") -> 2.6444444
A23: R6 | B23: Single run, after Euler fidelity patch | C23: 2024 | D23: No | E23: 1500 | F23: 15.7 | G23: 118.1 | H23: 423.6 | I23: 1616.7 | K23: 0.4957 | L23: =IF(AND(ISNUMBER(G23),ISNUMBER(K23)),IF(K23>=$K$2,G23/F23,""),"") | M23: =IF(ISNUMBER(H23),H23/F23,"") -> 26.980892 | N23: =IF(ISNUMBER(I23),I23/F23,"") -> 102.97452 | O23: =IF(ISNUMBER(J23),J23/F23,"")
A24: R7 | B24: Final run (shipped script and figure) | C24: 2024 | D24: No | E24: 100 | F24: 5.3 | G24: 22.3 | H24: 88.6 | I24: 30.1 | J24: 6.8 | K24: 1 | L24: =IF(AND(ISNUMBER(G24),ISNUMBER(K24)),IF(K24>=$K$2,G24/F24,""),"") -> 4.2075472 | M24: =IF(ISNUMBER(H24),H24/F24,"") -> 16.716981 | N24: =IF(ISNUMBER(I24),I24/F24,"") -> 5.6792453 | O24: =IF(ISNUMBER(J24),J24/F24,"") -> 1.2830189
A25: R7 | B25: Final run (shipped script and figure) | C25: 2024 | D25: No | E25: 400 | F25: 7.1 | G25: 41.9 | H25: 165.6 | I25: 92.3 | J25: 23.4 | K25: 0.9992 | L25: =IF(AND(ISNUMBER(G25),ISNUMBER(K25)),IF(K25>=$K$2,G25/F25,""),"") -> 5.9014085 | M25: =IF(ISNUMBER(H25),H25/F25,"") -> 23.323944 | N25: =IF(ISNUMBER(I25),I25/F25,"") -> 13 | O25: =IF(ISNUMBER(J25),J25/F25,"") -> 3.2957746
A26: R7 | B26: Final run (shipped script and figure) | C26: 2024 | D26: No | E26: 1500 | F26: 16.9 | G26: 160.4 | H26: 437.1 | I26: 1630.5 | K26: 0.501 | L26: =IF(AND(ISNUMBER(G26),ISNUMBER(K26)),IF(K26>=$K$2,G26/F26,""),"") | M26: =IF(ISNUMBER(H26),H26/F26,"") -> 25.863905 | N26: =IF(ISNUMBER(I26),I26/F26,"") -> 96.47929 | O26: =IF(ISNUMBER(J26),J26/F26,"")
A28: Euler ratios are blank where Euler's per-spin agreement is below the threshold (N = 1500: about 0.50, cut value 19% below the reference), because its timing is not like-for-like. Source: console logs of the runs described in the conversation; no values were re-derived.

Sheet Timing ranges
A1: Speedup of exact-injection splitting over each method: range across all runs
A2: All min / max / run counts are formulas over the 'Timing runs' sheet. The 'stated' column is the (rounded) range given in the last answer.
A4: Splitting is faster than... | B4: Graph size N | C4: Min | D4: Max | E4: Runs counted | F4: Range stated in the answer
A5: RK4 | B5: all | C5: =MIN('Timing runs'!$M$6:$M$26) -> 15.230216 | D5: =MAX('Timing runs'!$M$6:$M$26) -> 26.980892 | E5: =COUNT('Timing runs'!$M$6:$M$26) -> 21 | F5: roughly 15-27x
A6: BDF (sparse Jacobian) | B6: 1500 | C6: =_xlfn.MINIFS('Timing runs'!$N$6:$N$26,'Timing runs'!$E$6:$E$26,B6) -> 54.532374 | D6: =_xlfn.MAXIFS('Timing runs'!$N$6:$N$26,'Timing runs'!$E$6:$E$26,B6) -> 103.69397 | E6: =COUNTIFS('Timing runs'!$E$6:$E$26,B6,'Timing runs'!$N$6:$N$26,">0") -> 7 | F6: roughly 55-104x
A7: LSODA (dense Jacobian) | B7: 100 | C7: =_xlfn.MINIFS('Timing runs'!$O$6:$O$26,'Timing runs'!$E$6:$E$26,B7) -> 1.15 | D7: =_xlfn.MAXIFS('Timing runs'!$O$6:$O$26,'Timing runs'!$E$6:$E$26,B7) -> 1.7 | E7: =COUNTIFS('Timing runs'!$E$6:$E$26,B7,'Timing runs'!$O$6:$O$26,">0") -> 7 | F7: 1.2-1.7x
A8: LSODA (dense Jacobian) | B8: 400 | C8: =_xlfn.MINIFS('Timing runs'!$O$6:$O$26,'Timing runs'!$E$6:$E$26,B8) -> 2.6444444 | D8: =_xlfn.MAXIFS('Timing runs'!$O$6:$O$26,'Timing runs'!$E$6:$E$26,B8) -> 5.6358696 | E8: =COUNTIFS('Timing runs'!$E$6:$E$26,B8,'Timing runs'!$O$6:$O$26,">0") -> 7 | F8: 2.6-5.6x
A9: Euler (only where it is faithful) | B9: all | C9: =MIN('Timing runs'!$L$6:$L$26) -> 4.2075472 | D9: =MAX('Timing runs'!$L$6:$L$26) -> 5.9014085 | E9: =COUNT('Timing runs'!$L$6:$L$26) -> 6 | F9: 4.2-5.9x
A11: How to read this
A12: - Timings vary by up to about 2x from run to run on the same code and seed (compare R5, R6, R7), so quote ranges, not single numbers.
A13: - My earlier explanation that the overlapped runs (R2-R4) were inflated by CPU contention is not supported: the single-process runs (R1, R5-R7) span nearly the same ratios.
A14: - The reproducible measure is the coupling-evaluation count, on the 'Eval counts' sheet.

Sheet Eval counts
A1: Coupling evaluations needed for >= 95% identical final spin configurations (N = 100, seed 2024)
A2: r = K_s,max / (K * lambda_max). Cost counts coupling evaluations (2 sparse matvecs each). h = the coarsest step size that reached the target. Best explicit = the cheaper of Euler and RK4, because both hit the same stability limit.
A3: Required speedup over best explicit scheme: | E3: 2
A5: r | B5: Euler h | C5: Euler evals | D5: RK4 h | E5: RK4 evals | F5: Splitting h | G5: Splitting evals | H5: Best explicit evals | I5: Best explicit / splitting | J5: Meets required speedup? | K5: Holds at this r and all larger r?
A6: 1 | B6: 0.01 | C6: 600 | D6: 0.2 | E6: 120 | F6: 0.05 | G6: 240 | H6: =MIN(C6,E6) -> 120 | I6: =H6/G6 -> 0.5 | J6: =IF(I6>=$E$3,"Yes","No") -> No | K6: =IF(COUNTIF(I6:I$10,"<"&$E$3)=0,"Yes","No") -> No
A7: 3 | B7: 0.005 | C7: 1200 | D7: 0.1 | E7: 240 | F7: 0.05 | G7: 240 | H7: =MIN(C7,E7) -> 240 | I7: =H7/G7 -> 1 | J7: =IF(I7>=$E$3,"Yes","No") -> No | K7: =IF(COUNTIF(I7:I$10,"<"&$E$3)=0,"Yes","No") -> No
A8: 10 | B8: 0.02 | C8: 300 | D8: 0.02 | E8: 1200 | F8: 0.02 | G8: 600 | H8: =MIN(C8,E8) -> 300 | I8: =H8/G8 -> 0.5 | J8: =IF(I8>=$E$3,"Yes","No") -> No | K8: =IF(COUNTIF(I8:I$10,"<"&$E$3)=0,"Yes","No") -> No
A9: 30 | B9: 0.005 | C9: 1200 | D9: 0.01 | E9: 2400 | F9: 0.05 | G9: 240 | H9: =MIN(C9,E9) -> 1200 | I9: =H9/G9 -> 5 | J9: =IF(I9>=$E$3,"Yes","No") -> Yes | K9: =IF(COUNTIF(I9:I$10,"<"&$E$3)=0,"Yes","No") -> Yes
A10: 100 | B10: 0.005 | C10: 1200 | D10: 0.005 | E10: 4800 | F10: 0.1 | G10: 120 | H10: =MIN(C10,E10) -> 1200 | I10: =H10/G10 -> 10 | J10: =IF(I10>=$E$3,"Yes","No") -> Yes | K10: =IF(COUNTIF(I10:I$10,"<"&$E$3)=0,"Yes","No") -> Yes
A12: Benefit sustained from r = | D12: =IFERROR(INDEX(A6:A10,MATCH("Yes",K6:K10,0)),"never") -> 30
A14: Comparison with LSODA (adaptive implicit): mean RHS calls were 241, 202, 177, 166, 150 at r = 1, 3, 10, 30, 100, plus 3-4 Jacobians each.
A15: Other seeds (1, 2, earlier runs) gave 10-25x at r = 100 and 2.5-5x at r = 30; at r = 10 the result ranged from 2x worse to 10x better than the best explicit scheme.

Sheet Final verdicts
A1: Verdict block of the final run (seed 2024)
A2: Computed by the script from its own measurements; copied here verbatim apart from line-wrapping.
A4: Status | B4: Check | C4: Measured
A5: CONFIRMED | B5: Exactness (README flow, group law, detuned closed form) | C5: worst detuned-flow error 1.5e-12
A6: CONFIRMED | B6: Coupling: zeroth-order error is O(rho) | C6: fitted exponent 1.00
A7: CONFIRMED | B7: Coupling: closed-form first-order fix is O(rho^2) | C7: exponent 2.00; 49x smaller error at rho = 0.1
A8: CONFIRMED | B8: Noise: basin blur = exact committor, width sigma/sqrt(4 pi) | C8: max |z| = 1.88 over 14 points
A9: CONFIRMED | B9: Noise: unresolved fraction saturates at the von Mises floor | C9: late-time z = -1.60
A10: CONFIRMED | B10: Noise: resolution time = README t* with eps -> |eps+eta| | C10: max quantile error 6.4%
A11: CONFIRMED | B11: Benefit: >= 2x fewer coupling evals than the BEST explicit scheme | C11: 10x at r = 100; sustained from r = 30 (ratios r=1: 0.5x, r=3: 1.0x, r=10: 0.5x, r=30: 5.0x, r=100: 10.0x)
A12: NOT CONFIRMED | B12: Benefit also at weak injection (r ~ 1)? | C12: best-explicit / splitting = 0.50 at r = 1
A13: CONFIRMED | B13: Benefit: wall-clock vs RK4 / BDF at N = 1500, r = 100 | C13: 26x vs RK4, 97x vs BDF
A14: CONFIRMED | B14: Benefit: wall-clock vs Euler at N = 100, r = 100 | C14: splitting is 4.2x faster
A15: CONFIRMED | B15: Benefit: wall-clock vs Euler at N = 400, r = 100 | C15: splitting is 5.9x faster
... A20: NOT CONFIRMED | B20: Noise: splitting keeps correct thermal width at Ks*h = 1 | C20: -36% error
A22: Counts
A23: CONFIRMED | B23: =COUNTIF($A$5:$A$20,A23) -> 13
A24: NOT CONFIRMED | B24: =COUNTIF($A$5:$A$20,A24) -> 2
A25: NOT COMPARABLE | B25: =COUNTIF($A$5:$A$20,A25) -> 1
